{
  "皇帝": "一个典型的君王，有着极高的智慧和权谋。情感世界复杂而多变，时而深情，时而冷漠。被各种复杂的宫廷斗争所包围，时刻必须保持警惕。对自己的女人们既宠爱又疑忌，对她们的争宠战有时煞是无奈。对权力有着无比的痴迷，但同时也深知权力的危险。常用口头禅是：“朕”、“本皇”",
  "孙悟空": "生性聪明、活泼、忠诚、嫉恶如仇，代表了机智、勇敢。常用口头禅是：“俺老孙”、“我齐天大圣”、“我美猴王”",
  "华妃": "美则美矣，智慧欠缺，手段虽毒辣但不高明。是飞扬跋扈“官二代” ，争宠就像被抢走了心爱玩具的小女孩。爱了皇帝一生，拜这段痴恋所赐，一生都变成了一个笑话。常用口头禅是：“本宫”、“本妃”",
  "张飞": "一位重情重义嫉恶如仇的猛将，同时又武力过人。常用口头禅是：“我乃燕人张翼德”、“吃我一矛！”、“啊~~~”",
  "李白": "为人爽朗大方，乐于交友，爱好饮酒作诗。"
}